Produto 1,Descrição do Produto 1,605.34
Produto 2,Descrição do Produto 2,678.91
Produto 3,Descrição do Produto 3,526.31
Produto 4,Descrição do Produto 4,792.52
Produto 5,Descrição do Produto 5,709.68
Produto 6,Descrição do Produto 6,671.27
Produto 7,Descrição do Produto 7,702.31
Produto 8,Descrição do Produto 8,690.54
Produto 9,Descrição do Produto 9,95.67
Produto 10,Descrição do Produto 10,695.54
Produto 11,Descrição do Produto 11,263.05
Produto 12,Descrição do Produto 12,342.07
Produto 13,Descrição do Produto 13,113.17
Produto 14,Descrição do Produto 14,137.46
Produto 15,Descrição do Produto 15,701.72
Produto 16,Descrição do Produto 16,620.88
Produto 17,Descrição do Produto 17,540.28
Produto 18,Descrição do Produto 18,391.97
Produto 19,Descrição do Produto 19,292.86
Produto 20,Descrição do Produto 20,574.93
Produto 21,Descrição do Produto 21,256.7
Produto 22,Descrição do Produto 22,84.06
Produto 23,Descrição do Produto 23,334.08
Produto 24,Descrição do Produto 24,24300
Produto 25,Descrição do Produto 25,42.49
Produto 26,Descrição do Produto 26,793.24
Produto 27,Descrição do Produto 27,311.42
Produto 28,Descrição do Produto 28,312.44
Produto 29,Descrição do Produto 29,351.68
Produto 30,Descrição do Produto 30,332.23
Produto 31,Descrição do Produto 31,335.84
Produto 32,Descrição do Produto 32,54.17
Produto 33,Descrição do Produto 33,548.54
Produto 34,Descrição do Produto 34,379.88
Produto 35,Descrição do Produto 35,589.5
Produto 36,Descrição do Produto 36,313.34
Produto 37,Descrição do Produto 37,299.34
Produto 38,Descrição do Produto 38,52.86
Produto 39,Descrição do Produto 39,556.43
Produto 40,Descrição do Produto 40,710.42
Produto 41,Descrição do Produto 41,716.7
Produto 42,Descrição do Produto 42,671.68
Produto 43,Descrição do Produto 43,76.13
Produto 44,Descrição do Produto 44,255.02
Produto 45,Descrição do Produto 45,761.02
Produto 46,Descrição do Produto 46,347.83
Produto 47,Descrição do Produto 47,401.74
Produto 48,Descrição do Produto 48,748.27
Produto 49,Descrição do Produto 49,408.3
Produto 50,Descrição do Produto 50,799.82
Produto 51,Descrição do Produto 51,755.99
Produto 52,Descrição do Produto 52,587.75
Produto 53,Descrição do Produto 53,447.25
Produto 54,Descrição do Produto 54,587.77
Produto 55,Descrição do Produto 55,558.18
Produto 56,Descrição do Produto 56,548.49
Produto 57,Descrição do Produto 57,775.95
Produto 58,Descrição do Produto 58,367.25
Produto 59,Descrição do Produto 59,429.56
Produto 60,Descrição do Produto 60,795.29
Produto 61,Descrição do Produto 61,159.9
Produto 62,Descrição do Produto 62,289.41
Produto 63,Descrição do Produto 63,620.76
Produto 64,Descrição do Produto 64,213.33
Produto 65,Descrição do Produto 65,739.67
Produto 66,Descrição do Produto 66,398.86
Produto 67,Descrição do Produto 67,799.68
Produto 68,Descrição do Produto 68,349.16
Produto 69,Descrição do Produto 69,228.62
Produto 70,Descrição do Produto 70,80.32
Produto 71,Descrição do Produto 71,352.39
Produto 72,Descrição do Produto 72,456.03
Produto 73,Descrição do Produto 73,99.88
Produto 74,Descrição do Produto 74,198.03
Produto 75,Descrição do Produto 75,634.13
Produto 76,Descrição do Produto 76,602.35
Produto 77,Descrição do Produto 77,711.14
Produto 78,Descrição do Produto 78,121.85
Produto 79,Descrição do Produto 79,509.58
Produto 80,Descrição do Produto 80,205.6
Produto 81,Descrição do Produto 81,156.08
Produto 82,Descrição do Produto 82,212.01
Produto 83,Descrição do Produto 83,555.36
Produto 84,Descrição do Produto 84,242.05
Produto 85,Descrição do Produto 85,158.57
Produto 86,Descrição do Produto 86,62.8
Produto 87,Descrição do Produto 87,242.26
Produto 88,Descrição do Produto 88,194.64
Produto 89,Descrição do Produto 89,579.9
Produto 90,Descrição do Produto 90,441.87
Produto 91,Descrição do Produto 91,559.72
Produto 92,Descrição do Produto 92,146.94
Produto 93,Descrição do Produto 93,310.32
Produto 94,Descrição do Produto 94,150.2
Produto 95,Descrição do Produto 95,788.56
Produto 96,Descrição do Produto 96,169.35
Produto 97,Descrição do Produto 97,419.63
Produto 98,Descrição do Produto 98,135.66
Produto 99,Descrição do Produto 99,605.61
Produto 100,Descrição do Produto 100,338.74
Produto 101,Descrição do Produto 101,405.17
Produto 102,Descrição do Produto 102,467.34
Produto 103,Descrição do Produto 103,765.34
Produto 104,Descrição do Produto 104,255.39
Produto 105,Descrição do Produto 105,139.13
Produto 106,Descrição do Produto 106,558.29
Produto 107,Descrição do Produto 107,86.66
Produto 108,Descrição do Produto 108,697.13
Produto 109,Descrição do Produto 109,144.57
Produto 110,Descrição do Produto 110,604.99
Produto 111,Descrição do Produto 111,772.05
Produto 112,Descrição do Produto 112,46.71
Produto 113,Descrição do Produto 113,606.15
Produto 114,Descrição do Produto 114,288.82
Produto 115,Descrição do Produto 115,84.03
Produto 116,Descrição do Produto 116,262.55
Produto 117,Descrição do Produto 117,410.12
Produto 118,Descrição do Produto 118,531.94
Produto 119,Descrição do Produto 119,590.59
Produto 120,Descrição do Produto 120,331.56
Produto 121,Descrição do Produto 121,243.2
Produto 122,Descrição do Produto 122,221.9
Produto 123,Descrição do Produto 123,386.54
Produto 124,Descrição do Produto 124,459.16
Produto 125,Descrição do Produto 125,477.1
Produto 126,Descrição do Produto 126,614.31
Produto 127,Descrição do Produto 127,130.01
Produto 128,Descrição do Produto 128,729.15
Produto 129,Descrição do Produto 129,765.71
Produto 130,Descrição do Produto 130,771.59
Produto 131,Descrição do Produto 131,61.21
Produto 132,Descrição do Produto 132,354.57
Produto 133,Descrição do Produto 133,84.79
Produto 134,Descrição do Produto 134,544.59
Produto 135,Descrição do Produto 135,55900
Produto 136,Descrição do Produto 136,284.04
Produto 137,Descrição do Produto 137,278.12
Produto 138,Descrição do Produto 138,509.78
Produto 139,Descrição do Produto 139,759.61
Produto 140,Descrição do Produto 140,262.34
Produto 141,Descrição do Produto 141,175.34
Produto 142,Descrição do Produto 142,325.37
Produto 143,Descrição do Produto 143,602.84
Produto 144,Descrição do Produto 144,626.54
Produto 145,Descrição do Produto 145,746.49
Produto 146,Descrição do Produto 146,335.65
Produto 147,Descrição do Produto 147,741.48
Produto 148,Descrição do Produto 148,526.21
Produto 149,Descrição do Produto 149,692.68
Produto 150,Descrição do Produto 150,718.09
Produto 151,Descrição do Produto 151,115.95
Produto 152,Descrição do Produto 152,608.27
Produto 153,Descrição do Produto 153,685.9
Produto 154,Descrição do Produto 154,541.52
Produto 155,Descrição do Produto 155,327.25
Produto 156,Descrição do Produto 156,302.12
Produto 157,Descrição do Produto 157,625.02
Produto 158,Descrição do Produto 158,92.87
Produto 159,Descrição do Produto 159,559.51
Produto 160,Descrição do Produto 160,145.13
Produto 161,Descrição do Produto 161,340.92
Produto 162,Descrição do Produto 162,414.22
Produto 163,Descrição do Produto 163,596.8
Produto 164,Descrição do Produto 164,434.5
Produto 165,Descrição do Produto 165,106.3
Produto 166,Descrição do Produto 166,78.52
Produto 167,Descrição do Produto 167,373.61
Produto 168,Descrição do Produto 168,119.69
Produto 169,Descrição do Produto 169,552.55
Produto 170,Descrição do Produto 170,531.3
Produto 171,Descrição do Produto 171,773.45
Produto 172,Descrição do Produto 172,425.33
Produto 173,Descrição do Produto 173,689.59
Produto 174,Descrição do Produto 174,312.27
Produto 175,Descrição do Produto 175,299.34
Produto 176,Descrição do Produto 176,374.16
Produto 177,Descrição do Produto 177,194.55
Produto 178,Descrição do Produto 178,536.64
Produto 179,Descrição do Produto 179,168.84
Produto 180,Descrição do Produto 180,117.14
Produto 181,Descrição do Produto 181,304.79
Produto 182,Descrição do Produto 182,572.93
Produto 183,Descrição do Produto 183,731.28
Produto 184,Descrição do Produto 184,428.92
Produto 185,Descrição do Produto 185,528.14
Produto 186,Descrição do Produto 186,758.63
Produto 187,Descrição do Produto 187,576.7
Produto 188,Descrição do Produto 188,61.64
Produto 189,Descrição do Produto 189,597.29
Produto 190,Descrição do Produto 190,122.8
Produto 191,Descrição do Produto 191,141.74
Produto 192,Descrição do Produto 192,749.15
Produto 193,Descrição do Produto 193,146.01
Produto 194,Descrição do Produto 194,127.34
Produto 195,Descrição do Produto 195,69.73
Produto 196,Descrição do Produto 196,301.55
Produto 197,Descrição do Produto 197,436.39
Produto 198,Descrição do Produto 198,474.9
Produto 199,Descrição do Produto 199,110.44
Produto 200,Descrição do Produto 200,396.36
Produto 201,Descrição do Produto 201,347.99
Produto 202,Descrição do Produto 202,529.81
Produto 203,Descrição do Produto 203,452.75
Produto 204,Descrição do Produto 204,522.35
Produto 205,Descrição do Produto 205,414.47
Produto 206,Descrição do Produto 206,102.1
Produto 207,Descrição do Produto 207,657.52
Produto 208,Descrição do Produto 208,343.73
Produto 209,Descrição do Produto 209,649.67
Produto 210,Descrição do Produto 210,732.88
Produto 211,Descrição do Produto 211,124.74
Produto 212,Descrição do Produto 212,520.67
Produto 213,Descrição do Produto 213,569.31
Produto 214,Descrição do Produto 214,382.27
Produto 215,Descrição do Produto 215,466.24
Produto 216,Descrição do Produto 216,412.38
Produto 217,Descrição do Produto 217,269.93
Produto 218,Descrição do Produto 218,249.33
Produto 219,Descrição do Produto 219,284.2
Produto 220,Descrição do Produto 220,727.7
Produto 221,Descrição do Produto 221,562.15
Produto 222,Descrição do Produto 222,749.98
Produto 223,Descrição do Produto 223,425.51
Produto 224,Descrição do Produto 224,685.56
Produto 225,Descrição do Produto 225,435.28
Produto 226,Descrição do Produto 226,431.86
Produto 227,Descrição do Produto 227,324.01
Produto 228,Descrição do Produto 228,698.41
Produto 229,Descrição do Produto 229,376.74
Produto 230,Descrição do Produto 230,747.61
Produto 231,Descrição do Produto 231,352.57
Produto 232,Descrição do Produto 232,601.62
Produto 233,Descrição do Produto 233,126.82
Produto 234,Descrição do Produto 234,40400
Produto 235,Descrição do Produto 235,214.66
Produto 236,Descrição do Produto 236,594.93
Produto 237,Descrição do Produto 237,114.57
Produto 238,Descrição do Produto 238,489.44
Produto 239,Descrição do Produto 239,261.42
Produto 240,Descrição do Produto 240,426.82
Produto 241,Descrição do Produto 241,385.08
Produto 242,Descrição do Produto 242,335.58
Produto 243,Descrição do Produto 243,528.77
Produto 244,Descrição do Produto 244,225.86
Produto 245,Descrição do Produto 245,516.86
Produto 246,Descrição do Produto 246,695.74
Produto 247,Descrição do Produto 247,67700
Produto 248,Descrição do Produto 248,488.94
Produto 249,Descrição do Produto 249,129.14
Produto 250,Descrição do Produto 250,181.32
Produto 251,Descrição do Produto 251,90.65
Produto 252,Descrição do Produto 252,122.92
Produto 253,Descrição do Produto 253,449.78
Produto 254,Descrição do Produto 254,154.13
Produto 255,Descrição do Produto 255,47.12
Produto 256,Descrição do Produto 256,296.22
Produto 257,Descrição do Produto 257,517.83
Produto 258,Descrição do Produto 258,628.47
Produto 259,Descrição do Produto 259,589.2
Produto 260,Descrição do Produto 260,793.56
Produto 261,Descrição do Produto 261,611.42
Produto 262,Descrição do Produto 262,305.09
Produto 263,Descrição do Produto 263,335.5
Produto 264,Descrição do Produto 264,26500
Produto 265,Descrição do Produto 265,86.47
Produto 266,Descrição do Produto 266,189.24
Produto 267,Descrição do Produto 267,468.63
Produto 268,Descrição do Produto 268,683.92
Produto 269,Descrição do Produto 269,76.11
Produto 270,Descrição do Produto 270,195.12
Produto 271,Descrição do Produto 271,461.85
Produto 272,Descrição do Produto 272,49.51
Produto 273,Descrição do Produto 273,556.79
Produto 274,Descrição do Produto 274,717.45
Produto 275,Descrição do Produto 275,760.86
Produto 276,Descrição do Produto 276,165.56
Produto 277,Descrição do Produto 277,731.67
Produto 278,Descrição do Produto 278,418.41
Produto 279,Descrição do Produto 279,730.3
Produto 280,Descrição do Produto 280,615.3
Produto 281,Descrição do Produto 281,101.8
Produto 282,Descrição do Produto 282,494.67
Produto 283,Descrição do Produto 283,496.01
Produto 284,Descrição do Produto 284,390.08
Produto 285,Descrição do Produto 285,111.37
Produto 286,Descrição do Produto 286,743.22
Produto 287,Descrição do Produto 287,164.61
Produto 288,Descrição do Produto 288,741.29
Produto 289,Descrição do Produto 289,644.92
Produto 290,Descrição do Produto 290,362.84
Produto 291,Descrição do Produto 291,455.25
Produto 292,Descrição do Produto 292,203.64
Produto 293,Descrição do Produto 293,90.58
Produto 294,Descrição do Produto 294,400.73
Produto 295,Descrição do Produto 295,206.52
Produto 296,Descrição do Produto 296,573.14
Produto 297,Descrição do Produto 297,538.79
Produto 298,Descrição do Produto 298,176.41
Produto 299,Descrição do Produto 299,327.44
Produto 300,Descrição do Produto 300,192.05
Produto 301,Descrição do Produto 301,414.48
Produto 302,Descrição do Produto 302,315.05
Produto 303,Descrição do Produto 303,480.24
Produto 304,Descrição do Produto 304,78.91
Produto 305,Descrição do Produto 305,607.33
Produto 306,Descrição do Produto 306,720.77
Produto 307,Descrição do Produto 307,112.18
Produto 308,Descrição do Produto 308,393.34
Produto 309,Descrição do Produto 309,661.94
Produto 310,Descrição do Produto 310,451.09
Produto 311,Descrição do Produto 311,264.55
Produto 312,Descrição do Produto 312,60.84
Produto 313,Descrição do Produto 313,223.84
Produto 314,Descrição do Produto 314,437.78
Produto 315,Descrição do Produto 315,74800
Produto 316,Descrição do Produto 316,124.48
Produto 317,Descrição do Produto 317,662.51
Produto 318,Descrição do Produto 318,610.01
Produto 319,Descrição do Produto 319,506.84
Produto 320,Descrição do Produto 320,574.84
Produto 321,Descrição do Produto 321,490.32
Produto 322,Descrição do Produto 322,548.26
Produto 323,Descrição do Produto 323,588.99
Produto 324,Descrição do Produto 324,592.34
Produto 325,Descrição do Produto 325,408.53
Produto 326,Descrição do Produto 326,115.62
Produto 327,Descrição do Produto 327,584.32
Produto 328,Descrição do Produto 328,108.15
Produto 329,Descrição do Produto 329,322.29
Produto 330,Descrição do Produto 330,408.49
Produto 331,Descrição do Produto 331,236.96
Produto 332,Descrição do Produto 332,737.25
Produto 333,Descrição do Produto 333,693.29
Produto 334,Descrição do Produto 334,480.09
Produto 335,Descrição do Produto 335,656.3
Produto 336,Descrição do Produto 336,224.31
Produto 337,Descrição do Produto 337,489.91
Produto 338,Descrição do Produto 338,187.93
Produto 339,Descrição do Produto 339,523.47
Produto 340,Descrição do Produto 340,506.28
Produto 341,Descrição do Produto 341,378.15
Produto 342,Descrição do Produto 342,256.26
Produto 343,Descrição do Produto 343,41.57
Produto 344,Descrição do Produto 344,138.74
Produto 345,Descrição do Produto 345,181.49
Produto 346,Descrição do Produto 346,729.67
Produto 347,Descrição do Produto 347,264.03
Produto 348,Descrição do Produto 348,215.32
Produto 349,Descrição do Produto 349,472.65
Produto 350,Descrição do Produto 350,268.87
Produto 351,Descrição do Produto 351,222.98
Produto 352,Descrição do Produto 352,630.57
Produto 353,Descrição do Produto 353,208.9
Produto 354,Descrição do Produto 354,685.8
Produto 355,Descrição do Produto 355,567.76
Produto 356,Descrição do Produto 356,672.19
Produto 357,Descrição do Produto 357,49700
Produto 358,Descrição do Produto 358,476.9
Produto 359,Descrição do Produto 359,50.08
Produto 360,Descrição do Produto 360,82.34
Produto 361,Descrição do Produto 361,738.07
Produto 362,Descrição do Produto 362,482.23
Produto 363,Descrição do Produto 363,213.95
Produto 364,Descrição do Produto 364,208.2
Produto 365,Descrição do Produto 365,104.15
Produto 366,Descrição do Produto 366,139.54
Produto 367,Descrição do Produto 367,96.73
Produto 368,Descrição do Produto 368,57.85
Produto 369,Descrição do Produto 369,151.73
Produto 370,Descrição do Produto 370,780.46
Produto 371,Descrição do Produto 371,571.67
Produto 372,Descrição do Produto 372,534.98
Produto 373,Descrição do Produto 373,107.82
Produto 374,Descrição do Produto 374,162.06
Produto 375,Descrição do Produto 375,569.39
Produto 376,Descrição do Produto 376,606.78
Produto 377,Descrição do Produto 377,38500
Produto 378,Descrição do Produto 378,647.93
Produto 379,Descrição do Produto 379,610.1
Produto 380,Descrição do Produto 380,594.41
Produto 381,Descrição do Produto 381,310.43
Produto 382,Descrição do Produto 382,403.28
Produto 383,Descrição do Produto 383,223.22
Produto 384,Descrição do Produto 384,612.1
Produto 385,Descrição do Produto 385,339.78
Produto 386,Descrição do Produto 386,409.05
Produto 387,Descrição do Produto 387,261.82
Produto 388,Descrição do Produto 388,577.77
Produto 389,Descrição do Produto 389,444.95
Produto 390,Descrição do Produto 390,753.77
Produto 391,Descrição do Produto 391,273.64
Produto 392,Descrição do Produto 392,447.42
Produto 393,Descrição do Produto 393,298.93
Produto 394,Descrição do Produto 394,759.46
Produto 395,Descrição do Produto 395,694.51
Produto 396,Descrição do Produto 396,240.2
Produto 397,Descrição do Produto 397,160.18
Produto 398,Descrição do Produto 398,128.1
Produto 399,Descrição do Produto 399,474.14
Produto 400,Descrição do Produto 400,579.65
Produto 401,Descrição do Produto 401,687.6
Produto 402,Descrição do Produto 402,174.37
Produto 403,Descrição do Produto 403,252.98
Produto 404,Descrição do Produto 404,794.94
Produto 405,Descrição do Produto 405,219.34
Produto 406,Descrição do Produto 406,467.73
Produto 407,Descrição do Produto 407,326.08
Produto 408,Descrição do Produto 408,147.3
Produto 409,Descrição do Produto 409,183.14
Produto 410,Descrição do Produto 410,450.2
Produto 411,Descrição do Produto 411,139.81
Produto 412,Descrição do Produto 412,480.01
Produto 413,Descrição do Produto 413,60.75
Produto 414,Descrição do Produto 414,470.04
Produto 415,Descrição do Produto 415,570.59
Produto 416,Descrição do Produto 416,255.13
Produto 417,Descrição do Produto 417,690.28
Produto 418,Descrição do Produto 418,228.36
Produto 419,Descrição do Produto 419,356.68
Produto 420,Descrição do Produto 420,529.74
Produto 421,Descrição do Produto 421,249.27
Produto 422,Descrição do Produto 422,406.14
Produto 423,Descrição do Produto 423,321.53
Produto 424,Descrição do Produto 424,146.6
Produto 425,Descrição do Produto 425,155.94
Produto 426,Descrição do Produto 426,170.08
Produto 427,Descrição do Produto 427,686.71
Produto 428,Descrição do Produto 428,276.34
Produto 429,Descrição do Produto 429,430.11
Produto 430,Descrição do Produto 430,767.08
Produto 431,Descrição do Produto 431,298.06
Produto 432,Descrição do Produto 432,142.43
Produto 433,Descrição do Produto 433,514.21
Produto 434,Descrição do Produto 434,20200
Produto 435,Descrição do Produto 435,725.4
Produto 436,Descrição do Produto 436,746.12
Produto 437,Descrição do Produto 437,179.67
Produto 438,Descrição do Produto 438,489.02
Produto 439,Descrição do Produto 439,50.35
Produto 440,Descrição do Produto 440,733.5
Produto 441,Descrição do Produto 441,121.09
Produto 442,Descrição do Produto 442,413.28
Produto 443,Descrição do Produto 443,201.8
Produto 444,Descrição do Produto 444,731.62
Produto 445,Descrição do Produto 445,596.01
Produto 446,Descrição do Produto 446,367.65
Produto 447,Descrição do Produto 447,775.36
Produto 448,Descrição do Produto 448,778.8
Produto 449,Descrição do Produto 449,582.59
Produto 450,Descrição do Produto 450,701.93
Produto 451,Descrição do Produto 451,414.25
Produto 452,Descrição do Produto 452,380.61
Produto 453,Descrição do Produto 453,687.25
Produto 454,Descrição do Produto 454,741.75
Produto 455,Descrição do Produto 455,363.94
Produto 456,Descrição do Produto 456,79.48
Produto 457,Descrição do Produto 457,574.85
Produto 458,Descrição do Produto 458,606.06
Produto 459,Descrição do Produto 459,84.28
Produto 460,Descrição do Produto 460,734.48
Produto 461,Descrição do Produto 461,76.53
Produto 462,Descrição do Produto 462,196.61
Produto 463,Descrição do Produto 463,75.72
Produto 464,Descrição do Produto 464,260.74
Produto 465,Descrição do Produto 465,213.58
Produto 466,Descrição do Produto 466,798.18
Produto 467,Descrição do Produto 467,695.48
Produto 468,Descrição do Produto 468,542.8
Produto 469,Descrição do Produto 469,757.77
Produto 470,Descrição do Produto 470,417.13
Produto 471,Descrição do Produto 471,568.5
Produto 472,Descrição do Produto 472,385.41
Produto 473,Descrição do Produto 473,721.47
Produto 474,Descrição do Produto 474,91.97
Produto 475,Descrição do Produto 475,531.81
Produto 476,Descrição do Produto 476,613.08
Produto 477,Descrição do Produto 477,492.77
Produto 478,Descrição do Produto 478,377.12
Produto 479,Descrição do Produto 479,466.5
Produto 480,Descrição do Produto 480,749.59
Produto 481,Descrição do Produto 481,788.03
Produto 482,Descrição do Produto 482,680.62
Produto 483,Descrição do Produto 483,553.96
Produto 484,Descrição do Produto 484,732.8
Produto 485,Descrição do Produto 485,797.02
Produto 486,Descrição do Produto 486,778.58
Produto 487,Descrição do Produto 487,142.24
Produto 488,Descrição do Produto 488,282.9
Produto 489,Descrição do Produto 489,213.33
Produto 490,Descrição do Produto 490,145.97
Produto 491,Descrição do Produto 491,44.55
Produto 492,Descrição do Produto 492,340.33
Produto 493,Descrição do Produto 493,188.34
Produto 494,Descrição do Produto 494,782.42
Produto 495,Descrição do Produto 495,172.66
Produto 496,Descrição do Produto 496,649.33
Produto 497,Descrição do Produto 497,354.21
Produto 498,Descrição do Produto 498,630.57
Produto 499,Descrição do Produto 499,478.86
Produto 500,Descrição do Produto 500,327.92
Produto 501,Descrição do Produto 501,387.33
Produto 502,Descrição do Produto 502,325.76
Produto 503,Descrição do Produto 503,488.48
Produto 504,Descrição do Produto 504,600.59
Produto 505,Descrição do Produto 505,733.08
Produto 506,Descrição do Produto 506,75.04
Produto 507,Descrição do Produto 507,515.92
Produto 508,Descrição do Produto 508,769.27
Produto 509,Descrição do Produto 509,597.62
Produto 510,Descrição do Produto 510,260.53
Produto 511,Descrição do Produto 511,590.39
Produto 512,Descrição do Produto 512,433.06
Produto 513,Descrição do Produto 513,331.26
Produto 514,Descrição do Produto 514,247.74
Produto 515,Descrição do Produto 515,269.75
Produto 516,Descrição do Produto 516,104.59
Produto 517,Descrição do Produto 517,221.75
Produto 518,Descrição do Produto 518,793.15
Produto 519,Descrição do Produto 519,100.14
Produto 520,Descrição do Produto 520,559.81
Produto 521,Descrição do Produto 521,50.72
Produto 522,Descrição do Produto 522,748.2
Produto 523,Descrição do Produto 523,363.49
Produto 524,Descrição do Produto 524,87.67
Produto 525,Descrição do Produto 525,720.4
Produto 526,Descrição do Produto 526,722.96
Produto 527,Descrição do Produto 527,563.58
Produto 528,Descrição do Produto 528,268.86
Produto 529,Descrição do Produto 529,145.84
Produto 530,Descrição do Produto 530,448.89
Produto 531,Descrição do Produto 531,380.81
Produto 532,Descrição do Produto 532,138.64
Produto 533,Descrição do Produto 533,158.64
Produto 534,Descrição do Produto 534,458.63
Produto 535,Descrição do Produto 535,710.06
Produto 536,Descrição do Produto 536,47.72
Produto 537,Descrição do Produto 537,210.31
Produto 538,Descrição do Produto 538,196.97
Produto 539,Descrição do Produto 539,611.13
Produto 540,Descrição do Produto 540,107.49
Produto 541,Descrição do Produto 541,406.32
Produto 542,Descrição do Produto 542,301.71
Produto 543,Descrição do Produto 543,715.46
Produto 544,Descrição do Produto 544,597.95
Produto 545,Descrição do Produto 545,135.3
Produto 546,Descrição do Produto 546,56.86
Produto 547,Descrição do Produto 547,677.51
Produto 548,Descrição do Produto 548,496.71
Produto 549,Descrição do Produto 549,730.37
Produto 550,Descrição do Produto 550,211.87
Produto 551,Descrição do Produto 551,61700
Produto 552,Descrição do Produto 552,162.14
Produto 553,Descrição do Produto 553,163.25
Produto 554,Descrição do Produto 554,431.54
Produto 555,Descrição do Produto 555,175.33
Produto 556,Descrição do Produto 556,647.03
Produto 557,Descrição do Produto 557,311.44
Produto 558,Descrição do Produto 558,135.44
Produto 559,Descrição do Produto 559,500.42
Produto 560,Descrição do Produto 560,182.86
Produto 561,Descrição do Produto 561,779.42
Produto 562,Descrição do Produto 562,325.28
Produto 563,Descrição do Produto 563,328.56
Produto 564,Descrição do Produto 564,215.67
Produto 565,Descrição do Produto 565,658.88
Produto 566,Descrição do Produto 566,329.21
Produto 567,Descrição do Produto 567,304.78
Produto 568,Descrição do Produto 568,655.91
Produto 569,Descrição do Produto 569,597.63
Produto 570,Descrição do Produto 570,685.21
Produto 571,Descrição do Produto 571,197.38
Produto 572,Descrição do Produto 572,315.78
Produto 573,Descrição do Produto 573,354.98
Produto 574,Descrição do Produto 574,231.83
Produto 575,Descrição do Produto 575,651.99
Produto 576,Descrição do Produto 576,59.5
Produto 577,Descrição do Produto 577,747.84
Produto 578,Descrição do Produto 578,588.24
Produto 579,Descrição do Produto 579,636.4
Produto 580,Descrição do Produto 580,490.46
Produto 581,Descrição do Produto 581,325.68
Produto 582,Descrição do Produto 582,289.72
Produto 583,Descrição do Produto 583,579.17
Produto 584,Descrição do Produto 584,430.83
Produto 585,Descrição do Produto 585,375.87
Produto 586,Descrição do Produto 586,178.85
Produto 587,Descrição do Produto 587,717.86
Produto 588,Descrição do Produto 588,797.95
Produto 589,Descrição do Produto 589,348.54
Produto 590,Descrição do Produto 590,551.58
Produto 591,Descrição do Produto 591,376.24
Produto 592,Descrição do Produto 592,779.17
Produto 593,Descrição do Produto 593,62.51
Produto 594,Descrição do Produto 594,474.4
Produto 595,Descrição do Produto 595,154.97
Produto 596,Descrição do Produto 596,488.99
Produto 597,Descrição do Produto 597,335.41
Produto 598,Descrição do Produto 598,546.95
Produto 599,Descrição do Produto 599,84.17
Produto 600,Descrição do Produto 600,75.36
Produto 601,Descrição do Produto 601,779.37
Produto 602,Descrição do Produto 602,455.46
Produto 603,Descrição do Produto 603,301.77
Produto 604,Descrição do Produto 604,98.08
Produto 605,Descrição do Produto 605,399.14
Produto 606,Descrição do Produto 606,147.26
Produto 607,Descrição do Produto 607,64.51
Produto 608,Descrição do Produto 608,658.56
Produto 609,Descrição do Produto 609,722.56
Produto 610,Descrição do Produto 610,139.82
Produto 611,Descrição do Produto 611,591.32
Produto 612,Descrição do Produto 612,581.19
Produto 613,Descrição do Produto 613,584.75
Produto 614,Descrição do Produto 614,335.06
Produto 615,Descrição do Produto 615,92.59
Produto 616,Descrição do Produto 616,677.37
Produto 617,Descrição do Produto 617,661.48
Produto 618,Descrição do Produto 618,792.36
Produto 619,Descrição do Produto 619,337.37
Produto 620,Descrição do Produto 620,585.4
Produto 621,Descrição do Produto 621,317.98
Produto 622,Descrição do Produto 622,690.19
Produto 623,Descrição do Produto 623,725.99
Produto 624,Descrição do Produto 624,40.55
Produto 625,Descrição do Produto 625,371.9
Produto 626,Descrição do Produto 626,333.24
Produto 627,Descrição do Produto 627,71.71
Produto 628,Descrição do Produto 628,376.97
Produto 629,Descrição do Produto 629,234.53
Produto 630,Descrição do Produto 630,588.83
Produto 631,Descrição do Produto 631,713.1
Produto 632,Descrição do Produto 632,659.46
Produto 633,Descrição do Produto 633,356.32
Produto 634,Descrição do Produto 634,452.98
Produto 635,Descrição do Produto 635,206.16
Produto 636,Descrição do Produto 636,122.82
Produto 637,Descrição do Produto 637,713.1
Produto 638,Descrição do Produto 638,473.46
Produto 639,Descrição do Produto 639,606.1
Produto 640,Descrição do Produto 640,305.11
Produto 641,Descrição do Produto 641,383.87
Produto 642,Descrição do Produto 642,108.22
Produto 643,Descrição do Produto 643,738.08
Produto 644,Descrição do Produto 644,231.35
Produto 645,Descrição do Produto 645,486.97
Produto 646,Descrição do Produto 646,103.44
Produto 647,Descrição do Produto 647,274.59
Produto 648,Descrição do Produto 648,356.14
Produto 649,Descrição do Produto 649,666.85
Produto 650,Descrição do Produto 650,595.57
Produto 651,Descrição do Produto 651,58.59
Produto 652,Descrição do Produto 652,587.45
Produto 653,Descrição do Produto 653,80.94
Produto 654,Descrição do Produto 654,577.37
Produto 655,Descrição do Produto 655,536.48
Produto 656,Descrição do Produto 656,406.39
Produto 657,Descrição do Produto 657,322.81
Produto 658,Descrição do Produto 658,495.49
Produto 659,Descrição do Produto 659,683.34
Produto 660,Descrição do Produto 660,682.9
Produto 661,Descrição do Produto 661,177.95
Produto 662,Descrição do Produto 662,468.85
Produto 663,Descrição do Produto 663,753.16
Produto 664,Descrição do Produto 664,730.63
Produto 665,Descrição do Produto 665,156.7
Produto 666,Descrição do Produto 666,604.06
Produto 667,Descrição do Produto 667,295.34
Produto 668,Descrição do Produto 668,742.8
Produto 669,Descrição do Produto 669,569.12
Produto 670,Descrição do Produto 670,209.2
Produto 671,Descrição do Produto 671,299.05
Produto 672,Descrição do Produto 672,194.19
Produto 673,Descrição do Produto 673,576.89
Produto 674,Descrição do Produto 674,616.04
Produto 675,Descrição do Produto 675,446.49
Produto 676,Descrição do Produto 676,347.13
Produto 677,Descrição do Produto 677,725.27
Produto 678,Descrição do Produto 678,358.3
Produto 679,Descrição do Produto 679,637.99
Produto 680,Descrição do Produto 680,756.72
Produto 681,Descrição do Produto 681,180.19
Produto 682,Descrição do Produto 682,90.46
Produto 683,Descrição do Produto 683,492.82
Produto 684,Descrição do Produto 684,677.89
Produto 685,Descrição do Produto 685,248.55
Produto 686,Descrição do Produto 686,656.5
Produto 687,Descrição do Produto 687,618.48
Produto 688,Descrição do Produto 688,649.45
Produto 689,Descrição do Produto 689,179.91
Produto 690,Descrição do Produto 690,261.57
Produto 691,Descrição do Produto 691,578.96
Produto 692,Descrição do Produto 692,110.25
Produto 693,Descrição do Produto 693,437.94
Produto 694,Descrição do Produto 694,773.17
Produto 695,Descrição do Produto 695,519.34
Produto 696,Descrição do Produto 696,762.5
Produto 697,Descrição do Produto 697,596.41
Produto 698,Descrição do Produto 698,257.03
Produto 699,Descrição do Produto 699,71.08
Produto 700,Descrição do Produto 700,574.42
Produto 701,Descrição do Produto 701,365.95
Produto 702,Descrição do Produto 702,762.51
Produto 703,Descrição do Produto 703,44.8
Produto 704,Descrição do Produto 704,480.61
Produto 705,Descrição do Produto 705,295.78
Produto 706,Descrição do Produto 706,303.6
Produto 707,Descrição do Produto 707,542.54
Produto 708,Descrição do Produto 708,621.94
Produto 709,Descrição do Produto 709,489.29
Produto 710,Descrição do Produto 710,679.52
Produto 711,Descrição do Produto 711,669.96
Produto 712,Descrição do Produto 712,729.92
Produto 713,Descrição do Produto 713,492.34
Produto 714,Descrição do Produto 714,752.94
Produto 715,Descrição do Produto 715,515.8
Produto 716,Descrição do Produto 716,478.05
Produto 717,Descrição do Produto 717,565.06
Produto 718,Descrição do Produto 718,782.58
Produto 719,Descrição do Produto 719,245.55
Produto 720,Descrição do Produto 720,260.31
Produto 721,Descrição do Produto 721,580.56
Produto 722,Descrição do Produto 722,564.56
Produto 723,Descrição do Produto 723,751.32
Produto 724,Descrição do Produto 724,440.2
Produto 725,Descrição do Produto 725,254.98
Produto 726,Descrição do Produto 726,783.77
Produto 727,Descrição do Produto 727,724.72
Produto 728,Descrição do Produto 728,301.66
Produto 729,Descrição do Produto 729,372.17
Produto 730,Descrição do Produto 730,770.39
Produto 731,Descrição do Produto 731,367.44
Produto 732,Descrição do Produto 732,796.81
Produto 733,Descrição do Produto 733,736.84
Produto 734,Descrição do Produto 734,741.24
Produto 735,Descrição do Produto 735,100.26
Produto 736,Descrição do Produto 736,491.71
Produto 737,Descrição do Produto 737,688.32
Produto 738,Descrição do Produto 738,569.14
Produto 739,Descrição do Produto 739,693.28
Produto 740,Descrição do Produto 740,736.49
Produto 741,Descrição do Produto 741,571.09
Produto 742,Descrição do Produto 742,674.66
Produto 743,Descrição do Produto 743,470.92
Produto 744,Descrição do Produto 744,587.3
Produto 745,Descrição do Produto 745,736.06
Produto 746,Descrição do Produto 746,189.93
Produto 747,Descrição do Produto 747,119.06
Produto 748,Descrição do Produto 748,277.67
Produto 749,Descrição do Produto 749,641.86
Produto 750,Descrição do Produto 750,148.93
Produto 751,Descrição do Produto 751,688.52
Produto 752,Descrição do Produto 752,537.53
Produto 753,Descrição do Produto 753,636.16
Produto 754,Descrição do Produto 754,355.42
Produto 755,Descrição do Produto 755,235.86
Produto 756,Descrição do Produto 756,491.73
Produto 757,Descrição do Produto 757,349.89
Produto 758,Descrição do Produto 758,772.96
Produto 759,Descrição do Produto 759,632.87
Produto 760,Descrição do Produto 760,241.02
Produto 761,Descrição do Produto 761,740.31
Produto 762,Descrição do Produto 762,263.2
Produto 763,Descrição do Produto 763,140.51
Produto 764,Descrição do Produto 764,218.13
Produto 765,Descrição do Produto 765,708.63
Produto 766,Descrição do Produto 766,63.31
Produto 767,Descrição do Produto 767,275.91
Produto 768,Descrição do Produto 768,104.64
Produto 769,Descrição do Produto 769,304.84
Produto 770,Descrição do Produto 770,425.89
Produto 771,Descrição do Produto 771,103.35
Produto 772,Descrição do Produto 772,267.04
Produto 773,Descrição do Produto 773,173.35
Produto 774,Descrição do Produto 774,181.67
Produto 775,Descrição do Produto 775,469.73
Produto 776,Descrição do Produto 776,662.66
Produto 777,Descrição do Produto 777,715.5
Produto 778,Descrição do Produto 778,481.81
Produto 779,Descrição do Produto 779,680.3
Produto 780,Descrição do Produto 780,462.92
Produto 781,Descrição do Produto 781,498.97
Produto 782,Descrição do Produto 782,561.28
Produto 783,Descrição do Produto 783,157.91
Produto 784,Descrição do Produto 784,141.64
Produto 785,Descrição do Produto 785,206.9
Produto 786,Descrição do Produto 786,730.01
Produto 787,Descrição do Produto 787,491.95
Produto 788,Descrição do Produto 788,744.06
Produto 789,Descrição do Produto 789,246.09
Produto 790,Descrição do Produto 790,457.1
Produto 791,Descrição do Produto 791,772.99
Produto 792,Descrição do Produto 792,563.88
Produto 793,Descrição do Produto 793,641.69
Produto 794,Descrição do Produto 794,49000
Produto 795,Descrição do Produto 795,562.95
Produto 796,Descrição do Produto 796,486.64
Produto 797,Descrição do Produto 797,755.9
Produto 798,Descrição do Produto 798,537.35
Produto 799,Descrição do Produto 799,717.07
Produto 800,Descrição do Produto 800,480.83
Produto 801,Descrição do Produto 801,345.81
Produto 802,Descrição do Produto 802,78.88
Produto 803,Descrição do Produto 803,667.92
Produto 804,Descrição do Produto 804,750.97
Produto 805,Descrição do Produto 805,123.38
Produto 806,Descrição do Produto 806,63.79
Produto 807,Descrição do Produto 807,61.41
Produto 808,Descrição do Produto 808,68.86
Produto 809,Descrição do Produto 809,778.06
Produto 810,Descrição do Produto 810,289.66
Produto 811,Descrição do Produto 811,380.86
Produto 812,Descrição do Produto 812,732.41
Produto 813,Descrição do Produto 813,723.23
Produto 814,Descrição do Produto 814,61.49
Produto 815,Descrição do Produto 815,476.56
Produto 816,Descrição do Produto 816,435.81
Produto 817,Descrição do Produto 817,435.61
Produto 818,Descrição do Produto 818,203.81
Produto 819,Descrição do Produto 819,602.06
Produto 820,Descrição do Produto 820,493.71
Produto 821,Descrição do Produto 821,166.53
Produto 822,Descrição do Produto 822,318.57
Produto 823,Descrição do Produto 823,588.25
Produto 824,Descrição do Produto 824,188.08
Produto 825,Descrição do Produto 825,666.44
Produto 826,Descrição do Produto 826,596.48
Produto 827,Descrição do Produto 827,641.43
Produto 828,Descrição do Produto 828,79.67
Produto 829,Descrição do Produto 829,499.77
Produto 830,Descrição do Produto 830,244.58
Produto 831,Descrição do Produto 831,636.42
Produto 832,Descrição do Produto 832,354.17
Produto 833,Descrição do Produto 833,788.27
Produto 834,Descrição do Produto 834,740.81
Produto 835,Descrição do Produto 835,704.07
Produto 836,Descrição do Produto 836,781.17
Produto 837,Descrição do Produto 837,191.81
Produto 838,Descrição do Produto 838,508.57
Produto 839,Descrição do Produto 839,231.42
Produto 840,Descrição do Produto 840,329.03
Produto 841,Descrição do Produto 841,793.98
Produto 842,Descrição do Produto 842,758.54
Produto 843,Descrição do Produto 843,564.38
Produto 844,Descrição do Produto 844,492.56
Produto 845,Descrição do Produto 845,282.59
Produto 846,Descrição do Produto 846,172.61
Produto 847,Descrição do Produto 847,436.4
Produto 848,Descrição do Produto 848,178.63
Produto 849,Descrição do Produto 849,731.6
Produto 850,Descrição do Produto 850,486.88
Produto 851,Descrição do Produto 851,159.82
Produto 852,Descrição do Produto 852,611.17
Produto 853,Descrição do Produto 853,718.32
Produto 854,Descrição do Produto 854,757.82
Produto 855,Descrição do Produto 855,438.82
Produto 856,Descrição do Produto 856,560.93
Produto 857,Descrição do Produto 857,259.61
Produto 858,Descrição do Produto 858,475.68
Produto 859,Descrição do Produto 859,493.98
Produto 860,Descrição do Produto 860,616.04
Produto 861,Descrição do Produto 861,417.67
Produto 862,Descrição do Produto 862,518.24
Produto 863,Descrição do Produto 863,437.49
Produto 864,Descrição do Produto 864,560.32
Produto 865,Descrição do Produto 865,77.99
Produto 866,Descrição do Produto 866,637.83
Produto 867,Descrição do Produto 867,685.77
Produto 868,Descrição do Produto 868,182.32
Produto 869,Descrição do Produto 869,79.74
Produto 870,Descrição do Produto 870,403.97
Produto 871,Descrição do Produto 871,253.31
Produto 872,Descrição do Produto 872,603.56
Produto 873,Descrição do Produto 873,686.1
Produto 874,Descrição do Produto 874,780.3
Produto 875,Descrição do Produto 875,692.08
Produto 876,Descrição do Produto 876,727.96
Produto 877,Descrição do Produto 877,138.99
Produto 878,Descrição do Produto 878,498.53
Produto 879,Descrição do Produto 879,614.36
Produto 880,Descrição do Produto 880,195.21
Produto 881,Descrição do Produto 881,663.95
Produto 882,Descrição do Produto 882,361.73
Produto 883,Descrição do Produto 883,403.57
Produto 884,Descrição do Produto 884,398.92
Produto 885,Descrição do Produto 885,269.21
Produto 886,Descrição do Produto 886,248.76
Produto 887,Descrição do Produto 887,122.99
Produto 888,Descrição do Produto 888,143.46
Produto 889,Descrição do Produto 889,610.6
Produto 890,Descrição do Produto 890,139.86
Produto 891,Descrição do Produto 891,488.25
Produto 892,Descrição do Produto 892,422.27
Produto 893,Descrição do Produto 893,697.39
Produto 894,Descrição do Produto 894,471.47
Produto 895,Descrição do Produto 895,515.76
Produto 896,Descrição do Produto 896,604.74
Produto 897,Descrição do Produto 897,641.02
Produto 898,Descrição do Produto 898,527.38
Produto 899,Descrição do Produto 899,306.69
Produto 900,Descrição do Produto 900,191.8
Produto 901,Descrição do Produto 901,219.55
Produto 902,Descrição do Produto 902,302.78
Produto 903,Descrição do Produto 903,349.68
Produto 904,Descrição do Produto 904,452.07
Produto 905,Descrição do Produto 905,526.04
Produto 906,Descrição do Produto 906,750.32
Produto 907,Descrição do Produto 907,400.01
Produto 908,Descrição do Produto 908,594.93
Produto 909,Descrição do Produto 909,760.95
Produto 910,Descrição do Produto 910,48900
Produto 911,Descrição do Produto 911,280.69
Produto 912,Descrição do Produto 912,642.93
Produto 913,Descrição do Produto 913,359.43
Produto 914,Descrição do Produto 914,176.17
Produto 915,Descrição do Produto 915,597.14
Produto 916,Descrição do Produto 916,316.09
Produto 917,Descrição do Produto 917,437.41
Produto 918,Descrição do Produto 918,311.73
Produto 919,Descrição do Produto 919,127.97
Produto 920,Descrição do Produto 920,611.39
Produto 921,Descrição do Produto 921,182.48
Produto 922,Descrição do Produto 922,362.55
Produto 923,Descrição do Produto 923,495.56
Produto 924,Descrição do Produto 924,77800
Produto 925,Descrição do Produto 925,189.1
Produto 926,Descrição do Produto 926,640.74
Produto 927,Descrição do Produto 927,599.2
Produto 928,Descrição do Produto 928,498.88
Produto 929,Descrição do Produto 929,163.37
Produto 930,Descrição do Produto 930,285.63
Produto 931,Descrição do Produto 931,572.73
Produto 932,Descrição do Produto 932,437.69
Produto 933,Descrição do Produto 933,192.36
Produto 934,Descrição do Produto 934,384.59
Produto 935,Descrição do Produto 935,546.23
Produto 936,Descrição do Produto 936,231.4
Produto 937,Descrição do Produto 937,543.54
Produto 938,Descrição do Produto 938,278.5
Produto 939,Descrição do Produto 939,214.13
Produto 940,Descrição do Produto 940,293.51
Produto 941,Descrição do Produto 941,644.91
Produto 942,Descrição do Produto 942,564.86
Produto 943,Descrição do Produto 943,416.75
Produto 944,Descrição do Produto 944,494.38
Produto 945,Descrição do Produto 945,196.37
Produto 946,Descrição do Produto 946,126.4
Produto 947,Descrição do Produto 947,43.54
Produto 948,Descrição do Produto 948,453.48
Produto 949,Descrição do Produto 949,796.95
Produto 950,Descrição do Produto 950,294.5
Produto 951,Descrição do Produto 951,183.56
Produto 952,Descrição do Produto 952,101.94
Produto 953,Descrição do Produto 953,399.75
Produto 954,Descrição do Produto 954,103.64
Produto 955,Descrição do Produto 955,532.58
Produto 956,Descrição do Produto 956,493.38
Produto 957,Descrição do Produto 957,264.1
Produto 958,Descrição do Produto 958,138.59
Produto 959,Descrição do Produto 959,418.3
Produto 960,Descrição do Produto 960,457.73
Produto 961,Descrição do Produto 961,464.37
Produto 962,Descrição do Produto 962,357.1
Produto 963,Descrição do Produto 963,580.16
Produto 964,Descrição do Produto 964,187.59
Produto 965,Descrição do Produto 965,278.59
Produto 966,Descrição do Produto 966,154.8
Produto 967,Descrição do Produto 967,254.75
Produto 968,Descrição do Produto 968,59200
Produto 969,Descrição do Produto 969,457.21
Produto 970,Descrição do Produto 970,96.22
Produto 971,Descrição do Produto 971,730.59
Produto 972,Descrição do Produto 972,521.79
Produto 973,Descrição do Produto 973,639.52
Produto 974,Descrição do Produto 974,676.86
Produto 975,Descrição do Produto 975,520.89
Produto 976,Descrição do Produto 976,431.81
Produto 977,Descrição do Produto 977,71.65
Produto 978,Descrição do Produto 978,276.59
Produto 979,Descrição do Produto 979,783.72
Produto 980,Descrição do Produto 980,585.74
Produto 981,Descrição do Produto 981,47.06
Produto 982,Descrição do Produto 982,363.17
Produto 983,Descrição do Produto 983,419.58
Produto 984,Descrição do Produto 984,687.38
Produto 985,Descrição do Produto 985,647.42
Produto 986,Descrição do Produto 986,550.09
Produto 987,Descrição do Produto 987,682.83
Produto 988,Descrição do Produto 988,451.05
Produto 989,Descrição do Produto 989,661.71
Produto 990,Descrição do Produto 990,503.17
Produto 991,Descrição do Produto 991,433.77
Produto 992,Descrição do Produto 992,689.88
Produto 993,Descrição do Produto 993,465.73
Produto 994,Descrição do Produto 994,357.07
Produto 995,Descrição do Produto 995,177.64
Produto 996,Descrição do Produto 996,718.96
Produto 997,Descrição do Produto 997,105.29
Produto 998,Descrição do Produto 998,114.72
Produto 999,Descrição do Produto 999,528.12
Produto 1000,Descrição do Produto 1000,770.5
Produto 1001,Descrição do Produto 1001,634.9
Produto 1002,Descrição do Produto 1002,647.22
Produto 1003,Descrição do Produto 1003,613.67
Produto 1004,Descrição do Produto 1004,303.6
Produto 1005,Descrição do Produto 1005,227.7
Produto 1006,Descrição do Produto 1006,681.49
Produto 1007,Descrição do Produto 1007,203.48
Produto 1008,Descrição do Produto 1008,296.4
Produto 1009,Descrição do Produto 1009,623.33
Produto 1010,Descrição do Produto 1010,249.41
Produto 1011,Descrição do Produto 1011,631.7
Produto 1012,Descrição do Produto 1012,458.34
Produto 1013,Descrição do Produto 1013,757.25
Produto 1014,Descrição do Produto 1014,239.83
Produto 1015,Descrição do Produto 1015,187.01
Produto 1016,Descrição do Produto 1016,315.44
Produto 1017,Descrição do Produto 1017,129.16
Produto 1018,Descrição do Produto 1018,561.58
Produto 1019,Descrição do Produto 1019,303.41
Produto 1020,Descrição do Produto 1020,580.02
Produto 1021,Descrição do Produto 1021,231.96
Produto 1022,Descrição do Produto 1022,369.68
Produto 1023,Descrição do Produto 1023,496.61
Produto 1024,Descrição do Produto 1024,122.95
Produto 1025,Descrição do Produto 1025,200.51
Produto 1026,Descrição do Produto 1026,697.79
Produto 1027,Descrição do Produto 1027,356.26
Produto 1028,Descrição do Produto 1028,395.49
Produto 1029,Descrição do Produto 1029,228.26
Produto 1030,Descrição do Produto 1030,563.28
Produto 1031,Descrição do Produto 1031,456.24
Produto 1032,Descrição do Produto 1032,787.12
Produto 1033,Descrição do Produto 1033,485.64
Produto 1034,Descrição do Produto 1034,483.9
Produto 1035,Descrição do Produto 1035,629.28
Produto 1036,Descrição do Produto 1036,368.73
Produto 1037,Descrição do Produto 1037,624.85
Produto 1038,Descrição do Produto 1038,729.87
Produto 1039,Descrição do Produto 1039,486.52
Produto 1040,Descrição do Produto 1040,379.52
Produto 1041,Descrição do Produto 1041,476.5
Produto 1042,Descrição do Produto 1042,402.69
Produto 1043,Descrição do Produto 1043,498.58
Produto 1044,Descrição do Produto 1044,527.45
Produto 1045,Descrição do Produto 1045,431.4
Produto 1046,Descrição do Produto 1046,651.16
Produto 1047,Descrição do Produto 1047,59.6
Produto 1048,Descrição do Produto 1048,539.34
Produto 1049,Descrição do Produto 1049,190.53
Produto 1050,Descrição do Produto 1050,213.93
Produto 1051,Descrição do Produto 1051,473.2
Produto 1052,Descrição do Produto 1052,457.2
Produto 1053,Descrição do Produto 1053,622.43
Produto 1054,Descrição do Produto 1054,156.64
Produto 1055,Descrição do Produto 1055,110.57
Produto 1056,Descrição do Produto 1056,554.4
Produto 1057,Descrição do Produto 1057,782.87
Produto 1058,Descrição do Produto 1058,311.51
Produto 1059,Descrição do Produto 1059,99.57
Produto 1060,Descrição do Produto 1060,372.73
Produto 1061,Descrição do Produto 1061,167.07
